nm,Coastal Aerosol,Blue,Green,Red,Pan,Nir,Cirrus,SWIR1,SWIR2
427,0.000073,,,,,,,,
428,0.000609,,,,,,,,
429,0.001628,,,,,,,,
430,0.003421,,,,,,,,
431,0.008019,,,,,,,,
432,0.024767,,,,,,,,
433,0.085688,,,,,,,,
434,0.254149,,,,,,,,
435,0.517821,,,,,,,,
436,0.765117,0.00001,,,,,,,
437,0.908749,0.000061,,,,,,,
438,0.958204,0.000117,,,,,,,
439,0.977393,0.000241,,,,,,,
440,0.98379,0.000349,,,,,,,
441,0.989052,0.000455,,,,,,,
442,0.986713,0.000756,,,,,,,
443,0.993683,0.001197,,,,,,,
444,0.993137,0.00207,,,,,,,
445,1,0.003712,,,,,,,
446,0.996969,0.006869,,,,,,,
447,0.98278,0.013212,,,,,,,
448,0.972692,0.02717,,,,,,,
449,0.905808,0.058606,,,,,,,
450,0.745606,0.130876,,,,,,,
451,0.471329,0.27137,,,,,,,
452,0.226412,0.493542,,,,,,,
453,0.09286,0.723971,,,,,,,
454,0.036603,0.85751,,,,,,,
455,0.014537,0.894222,,,,,,,
456,0.005829,0.903034,,,,,,,
457,0.002414,0.910928,,,,,,,
458,0.000984,0.90988,,,,,,,
459,0.000255,0.899475,,,,,,,
460,,0.897977,,,,,,,
461,,0.889667,,,,,,,
462,,0.883542,,,,,,,
463,,0.877453,,,,,,,
464,,0.881011,,,,,,,
465,,0.874721,,,,,,,
466,,0.879688,,,,,,,
467,,0.886569,,,,,,,
468,,0.891913,,,,,,,
469,,0.88768,,,,,,,
470,,0.861157,,,,,,,
471,,0.848533,,,,,,,
472,,0.840828,,,,,,,
473,,0.828339,,,,,,,
474,,0.844202,,,,,,,
475,,0.865864,,,,,,,
476,,0.868497,,,,,,,
477,,0.890253,,,,,,,
478,,0.912538,,,,,,,
479,,0.910385,,,,,,,
480,,0.918822,,,,,,,
481,,0.931726,,,,,,,
482,,0.931813,,,,,,,
483,,0.954248,,,,,,,
484,,0.955545,,,,,,,
485,,0.96242,,,,,,,
486,,0.956424,,,,,,,
487,,0.953352,,,,,,,
488,,0.978564,,,0.000216,,,,
489,,0.989104,,,0.000514,,,,
490,,0.985615,,,0.001013,,,,
491,,0.989469,,,0.001587,,,,
492,,0.982262,,,0.002619,,,,
493,,0.968801,,,0.003841,,,,
494,,0.967332,,,0.006195,,,,
495,,0.976836,,,0.009003,,,,
496,,0.988729,,,0.015515,,,,
497,,0.980826,,,0.02327,,,,
498,,0.967361,,,0.042723,,,,
499,,0.954754,,,0.066556,,,,
500,,0.964132,,,0.124269,,,,
501,,0.966125,,,0.196006,,,,
502,,0.966772,,,0.323232,,,,
503,,0.981834,,,0.472496,,,,
504,,0.98232,,,0.598302,,,,
505,,0.965685,,,0.714816,,,,
506,,0.963135,,,0.776009,,,,
507,,0.972261,,,0.816555,,,,
508,,0.996498,,,0.831881,,,,
509,,1,,,0.837994,,,,
510,,0.9556,,,0.848975,,,,
511,,0.844893,,,0.861668,,,,
512,,0.534592,-0.000046,,0.862705,,,,
513,,0.190738,0.000016,,0.85964,,,,
514,,0.048329,0.00011,,0.858532,,,,
515,,0.013894,0.000247,,0.858244,,,,
516,,0.005328,0.000362,,0.857148,,,,
517,,0.002611,0.000648,,0.855759,,,,
518,,0.001557,0.000935,,0.858455,,,,
519,,0.0011,0.001332,,0.862834,,,,
520,,0.000785,0.001816,,0.860609,,,,
521,,0.000516,0.002515,,0.855993,,,,
522,,0.000321,0.003446,,0.852785,,,,
523,,0.000162,0.00488,,0.850183,,,,
524,,0.000072,0.007024,,0.852788,,,,
525,,0.000057,0.010441,,0.857317,,,,
526,,0.000023,0.016247,,0.85913,,,,
527,,0.000032,0.025513,,0.859876,,,,
528,,-0.000016,0.041451,,0.861508,,,,
529,,,0.070551,,0.863494,,,,
530,,,0.123444,,0.860265,,,,
531,,,0.21168,,0.855102,,,,
532,,,0.353885,,0.864423,,,,
533,,,0.545856,,0.879249,,,,
534,,,0.741205,,0.885593,,,,
535,,,0.865225,,0.888663,,,,
536,,,0.927396,,0.894758,,,,
537,,,0.954627,,0.902017,,,,
538,,,0.954163,,0.906294,,,,
539,,,0.959215,,0.90929,,,,
540,,,0.961328,,0.911734,,,,
541,,,0.964902,,0.914,,,,
542,,,0.969873,,0.909776,,,,
543,,,0.952489,,0.902939,,,,
544,,,0.961397,,0.908919,,,,
545,,,0.97827,,0.919859,,,,
546,,,0.977533,,0.92162,,,,
547,,,0.977001,,0.919456,,,,
548,,,0.980884,,0.91302,,,,
549,,,0.990784,,0.905134,,,,
550,,,1,,0.892702,,,,
551,,,0.992264,,0.878599,,,,
552,,,0.982642,,0.876838,,,,
553,,,0.983832,,0.879443,,,,
554,,,0.977765,,0.878303,,,,
555,,,0.965081,,0.875692,,,,
556,,,0.957314,,0.872666,,,,
557,,,0.946245,,0.869478,,,,
558,,,0.947871,,0.875361,,,,
559,,,0.959038,,0.884759,,,,
560,,,0.966534,,0.889903,,,,
561,,,0.977656,,0.893427,,,,
562,,,0.966447,,0.885948,,,,
563,,,0.953399,,0.874097,,,,
564,,,0.958314,,0.875674,,,,
565,,,0.970039,,0.882402,,,,
566,,,0.978607,,0.891375,,,,
567,,,0.983397,,0.901194,,,,
568,,,0.98096,,0.903528,,,,
569,,,0.974522,,0.902826,,,,
570,,,0.967229,,0.907551,,,,
571,,,0.979406,,0.91435,,,,
572,,,0.978208,,0.914932,,,,
573,,,0.975818,,0.91319,,,,
574,,,0.974392,,0.915508,,,,
575,,,0.979973,,0.919554,,,,
576,,,0.968827,,0.920802,,,,
577,,,0.969181,,0.92104,,,,
578,,,0.967838,,0.924431,,,,
579,,,0.982956,,0.929105,,,,
580,,,0.979598,,0.930068,,,,
581,,,0.963811,,0.929551,,,,
582,,,0.968886,,0.937549,,,,
583,,,0.983655,,0.948863,,,,
584,,,0.986657,,0.947084,,,,
585,,,0.974207,,0.940273,,,,
586,,,0.946407,,0.940813,,,,
587,,,0.904478,,0.944136,,,,
588,,,0.809275,,0.945674,,,,
589,,,0.684974,,0.946566,,,,
590,,,0.525304,,0.942462,,,,
591,,,0.345364,,0.936298,,,,
592,,,0.190467,,0.939621,,,,
593,,,0.087833,,0.946659,,,,
594,,,0.035393,,0.942374,,,,
595,,,0.014077,,0.933839,,,,
596,,,0.005944,,0.93425,,,,
597,,,0.002574,,0.93784,,,,
598,,,0.001046,,0.940838,,,,
599,,,0.000394,,0.943626,,,,
600,,,0.000085,,0.952415,,,,
601,,,-0.000084,,0.963664,,,,
602,,,-0.000194,,0.967381,,,,
603,,,-0.000234,,0.968241,,,,
604,,,-0.000292,,0.968233,,,,
605,,,-0.000307,,0.967878,,,,
606,,,-0.000343,,0.965083,,,,
607,,,-0.000348,,0.961367,,,,
608,,,-0.000329,,0.957232,,,,
609,,,-0.000351,,0.952939,,,,
610,,,-0.000317,,0.949345,,,,
611,,,,,0.946006,,,,
612,,,,,0.948081,,,,
613,,,,,0.952465,,,,
614,,,,,0.954526,,,,
615,,,,,0.955814,,,,
616,,,,,0.959149,,,,
617,,,,,0.963216,,,,
618,,,,,0.964158,,,,
619,,,,,0.963953,,,,
620,,,,,0.965943,,,,
621,,,,,0.968789,,,,
622,,,,,0.972688,,,,
623,,,,,0.977026,,,,
624,,,,,0.978028,,,,
625,,,,-0.000342,0.977901,,,,
626,,,,0.00027,0.974158,,,,
627,,,,0.000895,0.969078,,,,
628,,,,0.00185,0.969583,,,,
629,,,,0.003648,0.972297,,,,
630,,,,0.007197,0.972906,,,,
631,,,,0.014515,0.972708,,,,
632,,,,0.030432,0.969732,,,,
633,,,,0.066861,0.96578,,,,
634,,,,0.148518,0.965561,,,,
635,,,,0.299778,0.966835,,,,
636,,,,0.526812,0.966641,,,,
637,,,,0.764443,0.965899,,,,
638,,,,0.905473,0.972067,,,,
639,,,,0.947949,0.981077,,,,
640,,,,0.950823,0.980971,,,,
641,,,,0.947418,0.977722,,,,
642,,,,0.951831,0.974405,,,,
643,,,,0.962705,0.971123,,,,
644,,,,0.975075,0.963139,,,,
645,,,,0.984173,0.95326,,,,
646,,,,0.983613,0.953494,,,,
647,,,,0.983434,0.957536,,,,
648,,,,0.982911,0.963851,,,,
649,,,,0.973636,0.970928,,,,
650,,,,0.959441,0.969453,,,,
651,,,,0.955641,0.96475,,,,
652,,,,0.955548,0.966541,,,,
653,,,,0.953337,0.970613,,,,
654,,,,0.956628,0.973941,,,,
655,,,,0.981688,0.977055,,,,
656,,,,1,0.982894,,,,
657,,,,0.992388,0.98977,,,,
658,,,,0.984615,0.988302,,,,
659,,,,0.981568,0.983542,,,,
660,,,,0.97696,0.987968,,,,
661,,,,0.97298,0.995538,,,,
662,,,,0.98108,0.998579,,,,
663,,,,0.996804,1,,,,
664,,,,0.992142,0.99981,,,,
665,,,,0.980678,0.999061,,,,
666,,,,0.964002,0.997891,,,,
667,,,,0.962154,0.99658,,,,
668,,,,0.970778,0.992555,,,,
669,,,,0.96718,0.987369,,,,
670,,,,0.966928,0.985862,,,,
671,,,,0.949928,0.985761,,,,
672,,,,0.848855,0.955679,,,,
673,,,,0.609359,0.913945,,,,
674,,,,0.31635,0.78014,,,,
675,,,,0.123946,0.610197,,,,
676,,,,0.046033,0.438556,,,,
677,,,,0.017702,0.266714,,,,
678,,,,0.007333,0.167313,,,,
679,,,,0.003205,0.094013,,,,
680,,,,0.001402,0.057564,,,,
681,,,,0.000554,0.034787,,,,
682,,,,0.000117,0.022882,,,,
683,,,,-0.000122,0.015178,,,,
684,,,,-0.000289,0.010755,,,,
685,,,,-0.000376,0.007663,,,,
686,,,,-0.000396,0.005756,,,,
687,,,,-0.000458,0.004292,,,,
688,,,,-0.000488,0.00322,,,,
689,,,,-0.000457,0.002283,,,,
690,,,,-0.000429,0.001545,,,,
691,,,,-0.000417,0.000879,,,,
692,,,,,0.000214,,,,
693,,,,,,,,,
694,,,,,,,,,
695,,,,,,,,,
696,,,,,,,,,
697,,,,,,,,,
698,,,,,,,,,
699,,,,,,,,,
700,,,,,,,,,
701,,,,,,,,,
702,,,,,,,,,
703,,,,,,,,,
704,,,,,,,,,
705,,,,,,,,,
706,,,,,,,,,
707,,,,,,,,,
708,,,,,,,,,
709,,,,,,,,,
710,,,,,,,,,
711,,,,,,,,,
712,,,,,,,,,
713,,,,,,,,,
714,,,,,,,,,
715,,,,,,,,,
716,,,,,,,,,
717,,,,,,,,,
718,,,,,,,,,
719,,,,,,,,,
720,,,,,,,,,
721,,,,,,,,,
722,,,,,,,,,
723,,,,,,,,,
724,,,,,,,,,
725,,,,,,,,,
726,,,,,,,,,
727,,,,,,,,,
728,,,,,,,,,
729,,,,,,,,,
730,,,,,,,,,
731,,,,,,,,,
732,,,,,,,,,
733,,,,,,,,,
734,,,,,,,,,
735,,,,,,,,,
736,,,,,,,,,
737,,,,,,,,,
738,,,,,,,,,
739,,,,,,,,,
740,,,,,,,,,
741,,,,,,,,,
742,,,,,,,,,
743,,,,,,,,,
744,,,,,,,,,
745,,,,,,,,,
746,,,,,,,,,
747,,,,,,,,,
748,,,,,,,,,
749,,,,,,,,,
750,,,,,,,,,
751,,,,,,,,,
752,,,,,,,,,
753,,,,,,,,,
754,,,,,,,,,
755,,,,,,,,,
756,,,,,,,,,
757,,,,,,,,,
758,,,,,,,,,
759,,,,,,,,,
760,,,,,,,,,
761,,,,,,,,,
762,,,,,,,,,
763,,,,,,,,,
764,,,,,,,,,
765,,,,,,,,,
766,,,,,,,,,
767,,,,,,,,,
768,,,,,,,,,
769,,,,,,,,,
770,,,,,,,,,
771,,,,,,,,,
772,,,,,,,,,
773,,,,,,,,,
774,,,,,,,,,
775,,,,,,,,,
776,,,,,,,,,
777,,,,,,,,,
778,,,,,,,,,
779,,,,,,,,,
780,,,,,,,,,
781,,,,,,,,,
782,,,,,,,,,
783,,,,,,,,,
784,,,,,,,,,
785,,,,,,,,,
786,,,,,,,,,
787,,,,,,,,,
788,,,,,,,,,
789,,,,,,,,,
790,,,,,,,,,
791,,,,,,,,,
792,,,,,,,,,
793,,,,,,,,,
794,,,,,,,,,
795,,,,,,,,,
796,,,,,,,,,
797,,,,,,,,,
798,,,,,,,,,
799,,,,,,,,,
800,,,,,,,,,
801,,,,,,,,,
802,,,,,,,,,
803,,,,,,,,,
804,,,,,,,,,
805,,,,,,,,,
806,,,,,,,,,
807,,,,,,,,,
808,,,,,,,,,
809,,,,,,,,,
810,,,,,,,,,
811,,,,,,,,,
812,,,,,,,,,
813,,,,,,,,,
814,,,,,,,,,
815,,,,,,,,,
816,,,,,,,,,
817,,,,,,,,,
818,,,,,,,,,
819,,,,,,,,,
820,,,,,,,,,
821,,,,,,,,,
822,,,,,,,,,
823,,,,,,,,,
824,,,,,,,,,
825,,,,,,,,,
826,,,,,,,,,
827,,,,,,,,,
828,,,,,,,,,
829,,,,,,-0.000034,,,
830,,,,,,0.000011,,,
831,,,,,,0.00005,,,
832,,,,,,0.0001,,,
833,,,,,,0.000239,,,
834,,,,,,0.000314,,,
835,,,,,,0.000495,,,
836,,,,,,0.000719,,,
837,,,,,,0.000986,,,
838,,,,,,0.001445,,,
839,,,,,,0.002107,,,
840,,,,,,0.00316,,,
841,,,,,,0.004744,,,
842,,,,,,0.007059,,,
843,,,,,,0.0109,,,
844,,,,,,0.017346,,,
845,,,,,,0.028332,,,
846,,,,,,0.048191,,,
847,,,,,,0.084363,,,
848,,,,,,0.145365,,,
849,,,,,,0.249733,,,
850,,,,,,0.403526,,,
851,,,,,,0.582623,,,
852,,,,,,0.745037,,,
853,,,,,,0.890315,,,
854,,,,,,0.960215,,,
855,,,,,,0.986833,,,
856,,,,,,0.973133,,,
857,,,,,,0.980606,,,
858,,,,,,0.99612,,,
859,,,,,,1,,,
860,,,,,,0.989777,,,
861,,,,,,0.980733,,,
862,,,,,,0.975935,,,
863,,,,,,0.972043,,,
864,,,,,,0.957357,,,
865,,,,,,0.951209,,,
866,,,,,,0.947044,,,
867,,,,,,0.953162,,,
868,,,,,,0.951499,,,
869,,,,,,0.94845,,,
870,,,,,,0.940094,,,
871,,,,,,0.950632,,,
872,,,,,,0.956079,,,
873,,,,,,0.96646,,,
874,,,,,,0.969821,,,
875,,,,,,0.93661,,,
876,,,,,,0.891066,,,
877,,,,,,0.788733,,,
878,,,,,,0.63532,,,
879,,,,,,0.448364,,,
880,,,,,,0.288847,,,
881,,,,,,0.174619,,,
882,,,,,,0.100343,,,
883,,,,,,0.058265,,,
884,,,,,,0.034532,,,
885,,,,,,0.02072,,,
886,,,,,,0.01244,,,
887,,,,,,0.007601,,,
888,,,,,,0.004702,,,
889,,,,,,0.002944,,,
890,,,,,,0.00187,,,
891,,,,,,0.001192,,,
892,,,,,,0.000743,,,
893,,,,,,0.000423,,,
894,,,,,,0.000241,,,
895,,,,,,0.000116,,,
896,,,,,,0.000044,,,
897,,,,,,-0.000013,,,
898,,,,,,-0.00005,,,
899,,,,,,-0.000084,,,
900,,,,,,-0.0001,,,
901,,,,,,,,,
902,,,,,,,,,
903,,,,,,,,,
904,,,,,,,,,
905,,,,,,,,,
906,,,,,,,,,
907,,,,,,,,,
908,,,,,,,,,
909,,,,,,,,,
910,,,,,,,,,
911,,,,,,,,,
912,,,,,,,,,
913,,,,,,,,,
914,,,,,,,,,
915,,,,,,,,,
916,,,,,,,,,
917,,,,,,,,,
918,,,,,,,,,
919,,,,,,,,,
920,,,,,,,,,
921,,,,,,,,,
922,,,,,,,,,
923,,,,,,,,,
924,,,,,,,,,
925,,,,,,,,,
926,,,,,,,,,
927,,,,,,,,,
928,,,,,,,,,
929,,,,,,,,,
930,,,,,,,,,
931,,,,,,,,,
932,,,,,,,,,
933,,,,,,,,,
934,,,,,,,,,
935,,,,,,,,,
936,,,,,,,,,
937,,,,,,,,,
938,,,,,,,,,
939,,,,,,,,,
940,,,,,,,,,
941,,,,,,,,,
942,,,,,,,,,
943,,,,,,,,,
944,,,,,,,,,
945,,,,,,,,,
946,,,,,,,,,
947,,,,,,,,,
948,,,,,,,,,
949,,,,,,,,,
950,,,,,,,,,
951,,,,,,,,,
952,,,,,,,,,
953,,,,,,,,,
954,,,,,,,,,
955,,,,,,,,,
956,,,,,,,,,
957,,,,,,,,,
958,,,,,,,,,
959,,,,,,,,,
960,,,,,,,,,
961,,,,,,,,,
962,,,,,,,,,
963,,,,,,,,,
964,,,,,,,,,
965,,,,,,,,,
966,,,,,,,,,
967,,,,,,,,,
968,,,,,,,,,
969,,,,,,,,,
970,,,,,,,,,
971,,,,,,,,,
972,,,,,,,,,
973,,,,,,,,,
974,,,,,,,,,
975,,,,,,,,,
976,,,,,,,,,
977,,,,,,,,,
978,,,,,,,,,
979,,,,,,,,,
980,,,,,,,,,
981,,,,,,,,,
982,,,,,,,,,
983,,,,,,,,,
984,,,,,,,,,
985,,,,,,,,,
986,,,,,,,,,
987,,,,,,,,,
988,,,,,,,,,
989,,,,,,,,,
990,,,,,,,,,
991,,,,,,,,,
992,,,,,,,,,
993,,,,,,,,,
994,,,,,,,,,
995,,,,,,,,,
996,,,,,,,,,
997,,,,,,,,,
998,,,,,,,,,
999,,,,,,,,,
1000,,,,,,,,,
1001,,,,,,,,,
1002,,,,,,,,,
1003,,,,,,,,,
1004,,,,,,,,,
1005,,,,,,,,,
1006,,,,,,,,,
1007,,,,,,,,,
1008,,,,,,,,,
1009,,,,,,,,,
1010,,,,,,,,,
1011,,,,,,,,,
1012,,,,,,,,,
1013,,,,,,,,,
1014,,,,,,,,,
1015,,,,,,,,,
1016,,,,,,,,,
1017,,,,,,,,,
1018,,,,,,,,,
1019,,,,,,,,,
1020,,,,,,,,,
1021,,,,,,,,,
1022,,,,,,,,,
1023,,,,,,,,,
1024,,,,,,,,,
1025,,,,,,,,,
1026,,,,,,,,,
1027,,,,,,,,,
1028,,,,,,,,,
1029,,,,,,,,,
1030,,,,,,,,,
1031,,,,,,,,,
1032,,,,,,,,,
1033,,,,,,,,,
1034,,,,,,,,,
1035,,,,,,,,,
1036,,,,,,,,,
1037,,,,,,,,,
1038,,,,,,,,,
1039,,,,,,,,,
1040,,,,,,,,,
1041,,,,,,,,,
1042,,,,,,,,,
1043,,,,,,,,,
1044,,,,,,,,,
1045,,,,,,,,,
1046,,,,,,,,,
1047,,,,,,,,,
1048,,,,,,,,,
1049,,,,,,,,,
1050,,,,,,,,,
1051,,,,,,,,,
1052,,,,,,,,,
1053,,,,,,,,,
1054,,,,,,,,,
1055,,,,,,,,,
1056,,,,,,,,,
1057,,,,,,,,,
1058,,,,,,,,,
1059,,,,,,,,,
1060,,,,,,,,,
1061,,,,,,,,,
1062,,,,,,,,,
1063,,,,,,,,,
1064,,,,,,,,,
1065,,,,,,,,,
1066,,,,,,,,,
1067,,,,,,,,,
1068,,,,,,,,,
1069,,,,,,,,,
1070,,,,,,,,,
1071,,,,,,,,,
1072,,,,,,,,,
1073,,,,,,,,,
1074,,,,,,,,,
1075,,,,,,,,,
1076,,,,,,,,,
1077,,,,,,,,,
1078,,,,,,,,,
1079,,,,,,,,,
1080,,,,,,,,,
1081,,,,,,,,,
1082,,,,,,,,,
1083,,,,,,,,,
1084,,,,,,,,,
1085,,,,,,,,,
1086,,,,,,,,,
1087,,,,,,,,,
1088,,,,,,,,,
1089,,,,,,,,,
1090,,,,,,,,,
1091,,,,,,,,,
1092,,,,,,,,,
1093,,,,,,,,,
1094,,,,,,,,,
1095,,,,,,,,,
1096,,,,,,,,,
1097,,,,,,,,,
1098,,,,,,,,,
1099,,,,,,,,,
1100,,,,,,,,,
1101,,,,,,,,,
1102,,,,,,,,,
1103,,,,,,,,,
1104,,,,,,,,,
1105,,,,,,,,,
1106,,,,,,,,,
1107,,,,,,,,,
1108,,,,,,,,,
1109,,,,,,,,,
1110,,,,,,,,,
1111,,,,,,,,,
1112,,,,,,,,,
1113,,,,,,,,,
1114,,,,,,,,,
1115,,,,,,,,,
1116,,,,,,,,,
1117,,,,,,,,,
1118,,,,,,,,,
1119,,,,,,,,,
1120,,,,,,,,,
1121,,,,,,,,,
1122,,,,,,,,,
1123,,,,,,,,,
1124,,,,,,,,,
1125,,,,,,,,,
1126,,,,,,,,,
1127,,,,,,,,,
1128,,,,,,,,,
1129,,,,,,,,,
1130,,,,,,,,,
1131,,,,,,,,,
1132,,,,,,,,,
1133,,,,,,,,,
1134,,,,,,,,,
1135,,,,,,,,,
1136,,,,,,,,,
1137,,,,,,,,,
1138,,,,,,,,,
1139,,,,,,,,,
1140,,,,,,,,,
1141,,,,,,,,,
1142,,,,,,,,,
1143,,,,,,,,,
1144,,,,,,,,,
1145,,,,,,,,,
1146,,,,,,,,,
1147,,,,,,,,,
1148,,,,,,,,,
1149,,,,,,,,,
1150,,,,,,,,,
1151,,,,,,,,,
1152,,,,,,,,,
1153,,,,,,,,,
1154,,,,,,,,,
1155,,,,,,,,,
1156,,,,,,,,,
1157,,,,,,,,,
1158,,,,,,,,,
1159,,,,,,,,,
1160,,,,,,,,,
1161,,,,,,,,,
1162,,,,,,,,,
1163,,,,,,,,,
1164,,,,,,,,,
1165,,,,,,,,,
1166,,,,,,,,,
1167,,,,,,,,,
1168,,,,,,,,,
1169,,,,,,,,,
1170,,,,,,,,,
1171,,,,,,,,,
1172,,,,,,,,,
1173,,,,,,,,,
1174,,,,,,,,,
1175,,,,,,,,,
1176,,,,,,,,,
1177,,,,,,,,,
1178,,,,,,,,,
1179,,,,,,,,,
1180,,,,,,,,,
1181,,,,,,,,,
1182,,,,,,,,,
1183,,,,,,,,,
1184,,,,,,,,,
1185,,,,,,,,,
1186,,,,,,,,,
1187,,,,,,,,,
1188,,,,,,,,,
1189,,,,,,,,,
1190,,,,,,,,,
1191,,,,,,,,,
1192,,,,,,,,,
1193,,,,,,,,,
1194,,,,,,,,,
1195,,,,,,,,,
1196,,,,,,,,,
1197,,,,,,,,,
1198,,,,,,,,,
1199,,,,,,,,,
1200,,,,,,,,,
1201,,,,,,,,,
1202,,,,,,,,,
1203,,,,,,,,,
1204,,,,,,,,,
1205,,,,,,,,,
1206,,,,,,,,,
1207,,,,,,,,,
1208,,,,,,,,,
1209,,,,,,,,,
1210,,,,,,,,,
1211,,,,,,,,,
1212,,,,,,,,,
1213,,,,,,,,,
1214,,,,,,,,,
1215,,,,,,,,,
1216,,,,,,,,,
1217,,,,,,,,,
1218,,,,,,,,,
1219,,,,,,,,,
1220,,,,,,,,,
1221,,,,,,,,,
1222,,,,,,,,,
1223,,,,,,,,,
1224,,,,,,,,,
1225,,,,,,,,,
1226,,,,,,,,,
1227,,,,,,,,,
1228,,,,,,,,,
1229,,,,,,,,,
1230,,,,,,,,,
1231,,,,,,,,,
1232,,,,,,,,,
1233,,,,,,,,,
1234,,,,,,,,,
1235,,,,,,,,,
1236,,,,,,,,,
1237,,,,,,,,,
1238,,,,,,,,,
1239,,,,,,,,,
1240,,,,,,,,,
1241,,,,,,,,,
1242,,,,,,,,,
1243,,,,,,,,,
1244,,,,,,,,,
1245,,,,,,,,,
1246,,,,,,,,,
1247,,,,,,,,,
1248,,,,,,,,,
1249,,,,,,,,,
1250,,,,,,,,,
1251,,,,,,,,,
1252,,,,,,,,,
1253,,,,,,,,,
1254,,,,,,,,,
1255,,,,,,,,,
1256,,,,,,,,,
1257,,,,,,,,,
1258,,,,,,,,,
1259,,,,,,,,,
1260,,,,,,,,,
1261,,,,,,,,,
1262,,,,,,,,,
1263,,,,,,,,,
1264,,,,,,,,,
1265,,,,,,,,,
1266,,,,,,,,,
1267,,,,,,,,,
1268,,,,,,,,,
1269,,,,,,,,,
1270,,,,,,,,,
1271,,,,,,,,,
1272,,,,,,,,,
1273,,,,,,,,,
1274,,,,,,,,,
1275,,,,,,,,,
1276,,,,,,,,,
1277,,,,,,,,,
1278,,,,,,,,,
1279,,,,,,,,,
1280,,,,,,,,,
1281,,,,,,,,,
1282,,,,,,,,,
1283,,,,,,,,,
1284,,,,,,,,,
1285,,,,,,,,,
1286,,,,,,,,,
1287,,,,,,,,,
1288,,,,,,,,,
1289,,,,,,,,,
1290,,,,,,,,,
1291,,,,,,,,,
1292,,,,,,,,,
1293,,,,,,,,,
1294,,,,,,,,,
1295,,,,,,,,,
1296,,,,,,,,,
1297,,,,,,,,,
1298,,,,,,,,,
1299,,,,,,,,,
1300,,,,,,,,,
1301,,,,,,,,,
1302,,,,,,,,,
1303,,,,,,,,,
1304,,,,,,,,,
1305,,,,,,,,,
1306,,,,,,,,,
1307,,,,,,,,,
1308,,,,,,,,,
1309,,,,,,,,,
1310,,,,,,,,,
1311,,,,,,,,,
1312,,,,,,,,,
1313,,,,,,,,,
1314,,,,,,,,,
1315,,,,,,,,,
1316,,,,,,,,,
1317,,,,,,,,,
1318,,,,,,,,,
1319,,,,,,,,,
1320,,,,,,,,,
1321,,,,,,,,,
1322,,,,,,,,,
1323,,,,,,,,,
1324,,,,,,,,,
1325,,,,,,,,,
1326,,,,,,,,,
1327,,,,,,,,,
1328,,,,,,,,,
1329,,,,,,,,,
1330,,,,,,,,,
1331,,,,,,,,,
1332,,,,,,,,,
1333,,,,,,,,,
1334,,,,,,,,,
1335,,,,,,,,,
1336,,,,,,,,,
1337,,,,,,,,,
1338,,,,,,,,,
1339,,,,,,,,,
1340,,,,,,,-0.000003,,
1341,,,,,,,0.000086,,
1342,,,,,,,0.000194,,
1343,,,,,,,0.000321,,
1344,,,,,,,0.000469,,
1345,,,,,,,0.000647,,
1346,,,,,,,0.000856,,
1347,,,,,,,0.001119,,
1348,,,,,,,0.001429,,
1349,,,,,,,0.001828,,
1350,,,,,,,0.002318,,
1351,,,,,,,0.00303,,
1352,,,,,,,0.004011,,
1353,,,,,,,0.005398,,
1354,,,,,,,0.007194,,
1355,,,,,,,0.011124,,
1356,,,,,,,0.016985,,
1357,,,,,,,0.026321,,
1358,,,,,,,0.042756,,
1359,,,,,,,0.06922,,
1360,,,,,,,0.115351,,
1361,,,,,,,0.182833,,
1362,,,,,,,0.316333,,
1363,,,,,,,0.45703,,
1364,,,,,,,0.596852,,
1365,,,,,,,0.772118,,
1366,,,,,,,0.862394,,
1367,,,,,,,0.871575,,
1368,,,,,,,0.930308,,
1369,,,,,,,0.962664,,
1370,,,,,,,0.931247,,
1371,,,,,,,0.938676,,
1372,,,,,,,0.983748,,
1373,,,,,,,0.999626,,
1374,,,,,,,0.986968,,
1375,,,,,,,1,,
1376,,,,,,,0.983239,,
1377,,,,,,,0.990577,,
1378,,,,,,,0.963584,,
1379,,,,,,,0.964054,,
1380,,,,,,,0.871343,,
1381,,,,,,,0.872689,,
1382,,,,,,,0.703198,,
1383,,,,,,,0.606578,,
1384,,,,,,,0.452434,,
1385,,,,,,,0.29792,,
1386,,,,,,,0.190978,,
1387,,,,,,,0.113055,,
1388,,,,,,,0.066174,,
1389,,,,,,,0.041513,,
1390,,,,,,,0.026084,,
1391,,,,,,,0.016218,,
1392,,,,,,,0.009774,,
1393,,,,,,,0.006839,,
1394,,,,,,,0.004358,,
1395,,,,,,,0.00278,,
1396,,,,,,,0.001809,,
1397,,,,,,,0.001351,,
1398,,,,,,,0.000887,,
1399,,,,,,,0.000481,,
1400,,,,,,,0.00022,,
1401,,,,,,,0.000114,,
1402,,,,,,,0.000029,,
1403,,,,,,,-0.00007,,
1404,,,,,,,-0.000178,,
1405,,,,,,,-0.000182,,
1406,,,,,,,-0.000238,,
1407,,,,,,,-0.000272,,
1408,,,,,,,-0.000296,,
1409,,,,,,,-0.000308,,
1410,,,,,,,,,
1411,,,,,,,,,
1412,,,,,,,,,
1413,,,,,,,,,
1414,,,,,,,,,
1415,,,,,,,,,
1416,,,,,,,,,
1417,,,,,,,,,
1418,,,,,,,,,
1419,,,,,,,,,
1420,,,,,,,,,
1421,,,,,,,,,
1422,,,,,,,,,
1423,,,,,,,,,
1424,,,,,,,,,
1425,,,,,,,,,
1426,,,,,,,,,
1427,,,,,,,,,
1428,,,,,,,,,
1429,,,,,,,,,
1430,,,,,,,,,
1431,,,,,,,,,
1432,,,,,,,,,
1433,,,,,,,,,
1434,,,,,,,,,
1435,,,,,,,,,
1436,,,,,,,,,
1437,,,,,,,,,
1438,,,,,,,,,
1439,,,,,,,,,
1440,,,,,,,,,
1441,,,,,,,,,
1442,,,,,,,,,
1443,,,,,,,,,
1444,,,,,,,,,
1445,,,,,,,,,
1446,,,,,,,,,
1447,,,,,,,,,
1448,,,,,,,,,
1449,,,,,,,,,
1450,,,,,,,,,
1451,,,,,,,,,
1452,,,,,,,,,
1453,,,,,,,,,
1454,,,,,,,,,
1455,,,,,,,,,
1456,,,,,,,,,
1457,,,,,,,,,
1458,,,,,,,,,
1459,,,,,,,,,
1460,,,,,,,,,
1461,,,,,,,,,
1462,,,,,,,,,
1463,,,,,,,,,
1464,,,,,,,,,
1465,,,,,,,,,
1466,,,,,,,,,
1467,,,,,,,,,
1468,,,,,,,,,
1469,,,,,,,,,
1470,,,,,,,,,
1471,,,,,,,,,
1472,,,,,,,,,
1473,,,,,,,,,
1474,,,,,,,,,
1475,,,,,,,,,
1476,,,,,,,,,
1477,,,,,,,,,
1478,,,,,,,,,
1479,,,,,,,,,
1480,,,,,,,,,
1481,,,,,,,,,
1482,,,,,,,,,
1483,,,,,,,,,
1484,,,,,,,,,
1485,,,,,,,,,
1486,,,,,,,,,
1487,,,,,,,,,
1488,,,,,,,,,
1489,,,,,,,,,
1490,,,,,,,,,
1491,,,,,,,,,
1492,,,,,,,,,
1493,,,,,,,,,
1494,,,,,,,,,
1495,,,,,,,,,
1496,,,,,,,,,
1497,,,,,,,,,
1498,,,,,,,,,
1499,,,,,,,,,
1500,,,,,,,,,
1501,,,,,,,,,
1502,,,,,,,,,
1503,,,,,,,,,
1504,,,,,,,,,
1505,,,,,,,,,
1506,,,,,,,,,
1507,,,,,,,,,
1508,,,,,,,,,
1509,,,,,,,,,
1510,,,,,,,,,
1511,,,,,,,,,
1512,,,,,,,,,
1513,,,,,,,,,
1514,,,,,,,,,
1515,,,,,,,,-0.000016,
1516,,,,,,,,0.000067,
1517,,,,,,,,0.000151,
1518,,,,,,,,0.000249,
1519,,,,,,,,0.000348,
1520,,,,,,,,0.000466,
1521,,,,,,,,0.000585,
1522,,,,,,,,0.000758,
1523,,,,,,,,0.000932,
1524,,,,,,,,0.00115,
1525,,,,,,,,0.001369,
1526,,,,,,,,0.001613,
1527,,,,,,,,0.001859,
1528,,,,,,,,0.002172,
1529,,,,,,,,0.002488,
1530,,,,,,,,0.002881,
1531,,,,,,,,0.003277,
1532,,,,,,,,0.003772,
1533,,,,,,,,0.004271,
1534,,,,,,,,0.004898,
1535,,,,,,,,0.005528,
1536,,,,,,,,0.006421,
1537,,,,,,,,0.007319,
1538,,,,,,,,0.008459,
1539,,,,,,,,0.009606,
1540,,,,,,,,0.010989,
1541,,,,,,,,0.012372,
1542,,,,,,,,0.014303,
1543,,,,,,,,0.016248,
1544,,,,,,,,0.019029,
1545,,,,,,,,0.021831,
1546,,,,,,,,0.02589,
1547,,,,,,,,0.029952,
1548,,,,,,,,0.035171,
1549,,,,,,,,0.040434,
1550,,,,,,,,0.047864,
1551,,,,,,,,0.055352,
1552,,,,,,,,0.065732,
1553,,,,,,,,0.076166,
1554,,,,,,,,0.089024,
1555,,,,,,,,0.101893,
1556,,,,,,,,0.12015,
1557,,,,,,,,0.138642,
1558,,,,,,,,0.163127,
1559,,,,,,,,0.187803,
1560,,,,,,,,0.220261,
1561,,,,,,,,0.252894,
1562,,,,,,,,0.291359,
1563,,,,,,,,0.329939,
1564,,,,,,,,0.375648,
1565,,,,,,,,0.42147,
1566,,,,,,,,0.47356,
1567,,,,,,,,0.525681,
1568,,,,,,,,0.578787,
1569,,,,,,,,0.631645,
1570,,,,,,,,0.676683,
1571,,,,,,,,0.721282,
1572,,,,,,,,0.75477,
1573,,,,,,,,0.788248,
1574,,,,,,,,0.821155,
1575,,,,,,,,0.854065,
1576,,,,,,,,0.87337,
1577,,,,,,,,0.89183,
1578,,,,,,,,0.899817,
1579,,,,,,,,0.907252,
1580,,,,,,,,0.913009,
1581,,,,,,,,0.918685,
1582,,,,,,,,0.922953,
1583,,,,,,,,0.927163,
1584,,,,,,,,0.92686,
1585,,,,,,,,0.926413,
1586,,,,,,,,0.925059,
1587,,,,,,,,0.923683,
1588,,,,,,,,0.923953,
1589,,,,,,,,0.924259,
1590,,,,,,,,0.922828,
1591,,,,,,,,0.921383,
1592,,,,,,,,0.922061,
1593,,,,,,,,0.922756,
1594,,,,,,,,0.924648,
1595,,,,,,,,0.926605,
1596,,,,,,,,0.934552,
1597,,,,,,,,0.942525,
1598,,,,,,,,0.944351,
1599,,,,,,,,0.945872,
1600,,,,,,,,0.946175,
1601,,,,,,,,0.946432,
1602,,,,,,,,0.947006,
1603,,,,,,,,0.947589,
1604,,,,,,,,0.950194,
1605,,,,,,,,0.952859,
1606,,,,,,,,0.951303,
1607,,,,,,,,0.94967,
1608,,,,,,,,0.953047,
1609,,,,,,,,0.956494,
1610,,,,,,,,0.959047,
1611,,,,,,,,0.961545,
1612,,,,,,,,0.960048,
1613,,,,,,,,0.958335,
1614,,,,,,,,0.959835,
1615,,,,,,,,0.96147,
1616,,,,,,,,0.960857,
1617,,,,,,,,0.960175,
1618,,,,,,,,0.960813,
1619,,,,,,,,0.961486,
1620,,,,,,,,0.964703,
1621,,,,,,,,0.967943,
1622,,,,,,,,0.969314,
1623,,,,,,,,0.970589,
1624,,,,,,,,0.973713,
1625,,,,,,,,0.976906,
1626,,,,,,,,0.9791,
1627,,,,,,,,0.981258,
1628,,,,,,,,0.981285,
1629,,,,,,,,0.981372,
1630,,,,,,,,0.988609,
1631,,,,,,,,0.995869,
1632,,,,,,,,0.998021,
1633,,,,,,,,1,
1634,,,,,,,,0.999848,
1635,,,,,,,,0.999642,
1636,,,,,,,,0.99659,
1637,,,,,,,,0.993439,
1638,,,,,,,,0.986217,
1639,,,,,,,,0.978989,
1640,,,,,,,,0.967125,
1641,,,,,,,,0.95512,
1642,,,,,,,,0.936199,
1643,,,,,,,,0.917239,
1644,,,,,,,,0.879424,
1645,,,,,,,,0.840967,
1646,,,,,,,,0.796545,
1647,,,,,,,,0.751893,
1648,,,,,,,,0.694313,
1649,,,,,,,,0.636542,
1650,,,,,,,,0.573232,
1651,,,,,,,,0.509946,
1652,,,,,,,,0.451966,
1653,,,,,,,,0.39403,
1654,,,,,,,,0.34275,
1655,,,,,,,,0.291752,
1656,,,,,,,,0.251309,
1657,,,,,,,,0.211153,
1658,,,,,,,,0.180823,
1659,,,,,,,,0.15054,
1660,,,,,,,,0.128463,
1661,,,,,,,,0.106664,
1662,,,,,,,,0.090735,
1663,,,,,,,,0.074941,
1664,,,,,,,,0.06379,
1665,,,,,,,,0.052752,
1666,,,,,,,,0.045028,
1667,,,,,,,,0.03731,
1668,,,,,,,,0.031821,
1669,,,,,,,,0.02635,
1670,,,,,,,,0.022504,
1671,,,,,,,,0.018724,
1672,,,,,,,,0.016045,
1673,,,,,,,,0.013394,
1674,,,,,,,,0.011483,
1675,,,,,,,,0.009587,
1676,,,,,,,,0.008227,
1677,,,,,,,,0.006882,
1678,,,,,,,,0.00591,
1679,,,,,,,,0.00494,
1680,,,,,,,,0.004257,
1681,,,,,,,,0.003576,
1682,,,,,,,,0.003055,
1683,,,,,,,,0.002541,
1684,,,,,,,,0.00216,
1685,,,,,,,,0.001781,
1686,,,,,,,,0.001512,
1687,,,,,,,,0.001244,
1688,,,,,,,,0.00104,
1689,,,,,,,,0.000837,
1690,,,,,,,,0.000677,
1691,,,,,,,,0.000517,
1692,,,,,,,,0.000409,
1693,,,,,,,,0.000301,
1694,,,,,,,,0.000206,
1695,,,,,,,,0.000112,
1696,,,,,,,,0.00004,
1697,,,,,,,,-0.000031,
1698,,,,,,,,,
1699,,,,,,,,,
1700,,,,,,,,,
1701,,,,,,,,,
1702,,,,,,,,,
1703,,,,,,,,,
1704,,,,,,,,,
1705,,,,,,,,,
1706,,,,,,,,,
1707,,,,,,,,,
1708,,,,,,,,,
1709,,,,,,,,,
1710,,,,,,,,,
1711,,,,,,,,,
1712,,,,,,,,,
1713,,,,,,,,,
1714,,,,,,,,,
1715,,,,,,,,,
1716,,,,,,,,,
1717,,,,,,,,,
1718,,,,,,,,,
1719,,,,,,,,,
1720,,,,,,,,,
1721,,,,,,,,,
1722,,,,,,,,,
1723,,,,,,,,,
1724,,,,,,,,,
1725,,,,,,,,,
1726,,,,,,,,,
1727,,,,,,,,,
1728,,,,,,,,,
1729,,,,,,,,,
1730,,,,,,,,,
1731,,,,,,,,,
1732,,,,,,,,,
1733,,,,,,,,,
1734,,,,,,,,,
1735,,,,,,,,,
1736,,,,,,,,,
1737,,,,,,,,,
1738,,,,,,,,,
1739,,,,,,,,,
1740,,,,,,,,,
1741,,,,,,,,,
1742,,,,,,,,,
1743,,,,,,,,,
1744,,,,,,,,,
1745,,,,,,,,,
1746,,,,,,,,,
1747,,,,,,,,,
1748,,,,,,,,,
1749,,,,,,,,,
1750,,,,,,,,,
1751,,,,,,,,,
1752,,,,,,,,,
1753,,,,,,,,,
1754,,,,,,,,,
1755,,,,,,,,,
1756,,,,,,,,,
1757,,,,,,,,,
1758,,,,,,,,,
1759,,,,,,,,,
1760,,,,,,,,,
1761,,,,,,,,,
1762,,,,,,,,,
1763,,,,,,,,,
1764,,,,,,,,,
1765,,,,,,,,,
1766,,,,,,,,,
1767,,,,,,,,,
1768,,,,,,,,,
1769,,,,,,,,,
1770,,,,,,,,,
1771,,,,,,,,,
1772,,,,,,,,,
1773,,,,,,,,,
1774,,,,,,,,,
1775,,,,,,,,,
1776,,,,,,,,,
1777,,,,,,,,,
1778,,,,,,,,,
1779,,,,,,,,,
1780,,,,,,,,,
1781,,,,,,,,,
1782,,,,,,,,,
1783,,,,,,,,,
1784,,,,,,,,,
1785,,,,,,,,,
1786,,,,,,,,,
1787,,,,,,,,,
1788,,,,,,,,,
1789,,,,,,,,,
1790,,,,,,,,,
1791,,,,,,,,,
1792,,,,,,,,,
1793,,,,,,,,,
1794,,,,,,,,,
1795,,,,,,,,,
1796,,,,,,,,,
1797,,,,,,,,,
1798,,,,,,,,,
1799,,,,,,,,,
1800,,,,,,,,,
1801,,,,,,,,,
1802,,,,,,,,,
1803,,,,,,,,,
1804,,,,,,,,,
1805,,,,,,,,,
1806,,,,,,,,,
1807,,,,,,,,,
1808,,,,,,,,,
1809,,,,,,,,,
1810,,,,,,,,,
1811,,,,,,,,,
1812,,,,,,,,,
1813,,,,,,,,,
1814,,,,,,,,,
1815,,,,,,,,,
1816,,,,,,,,,
1817,,,,,,,,,
1818,,,,,,,,,
1819,,,,,,,,,
1820,,,,,,,,,
1821,,,,,,,,,
1822,,,,,,,,,
1823,,,,,,,,,
1824,,,,,,,,,
1825,,,,,,,,,
1826,,,,,,,,,
1827,,,,,,,,,
1828,,,,,,,,,
1829,,,,,,,,,
1830,,,,,,,,,
1831,,,,,,,,,
1832,,,,,,,,,
1833,,,,,,,,,
1834,,,,,,,,,
1835,,,,,,,,,
1836,,,,,,,,,
1837,,,,,,,,,
1838,,,,,,,,,
1839,,,,,,,,,
1840,,,,,,,,,
1841,,,,,,,,,
1842,,,,,,,,,
1843,,,,,,,,,
1844,,,,,,,,,
1845,,,,,,,,,
1846,,,,,,,,,
1847,,,,,,,,,
1848,,,,,,,,,
1849,,,,,,,,,
1850,,,,,,,,,
1851,,,,,,,,,
1852,,,,,,,,,
1853,,,,,,,,,
1854,,,,,,,,,
1855,,,,,,,,,
1856,,,,,,,,,
1857,,,,,,,,,
1858,,,,,,,,,
1859,,,,,,,,,
1860,,,,,,,,,
1861,,,,,,,,,
1862,,,,,,,,,
1863,,,,,,,,,
1864,,,,,,,,,
1865,,,,,,,,,
1866,,,,,,,,,
1867,,,,,,,,,
1868,,,,,,,,,
1869,,,,,,,,,
1870,,,,,,,,,
1871,,,,,,,,,
1872,,,,,,,,,
1873,,,,,,,,,
1874,,,,,,,,,
1875,,,,,,,,,
1876,,,,,,,,,
1877,,,,,,,,,
1878,,,,,,,,,
1879,,,,,,,,,
1880,,,,,,,,,
1881,,,,,,,,,
1882,,,,,,,,,
1883,,,,,,,,,
1884,,,,,,,,,
1885,,,,,,,,,
1886,,,,,,,,,
1887,,,,,,,,,
1888,,,,,,,,,
1889,,,,,,,,,
1890,,,,,,,,,
1891,,,,,,,,,
1892,,,,,,,,,
1893,,,,,,,,,
1894,,,,,,,,,
1895,,,,,,,,,
1896,,,,,,,,,
1897,,,,,,,,,
1898,,,,,,,,,
1899,,,,,,,,,
1900,,,,,,,,,
1901,,,,,,,,,
1902,,,,,,,,,
1903,,,,,,,,,
1904,,,,,,,,,
1905,,,,,,,,,
1906,,,,,,,,,
1907,,,,,,,,,
1908,,,,,,,,,
1909,,,,,,,,,
1910,,,,,,,,,
1911,,,,,,,,,
1912,,,,,,,,,
1913,,,,,,,,,
1914,,,,,,,,,
1915,,,,,,,,,
1916,,,,,,,,,
1917,,,,,,,,,
1918,,,,,,,,,
1919,,,,,,,,,
1920,,,,,,,,,
1921,,,,,,,,,
1922,,,,,,,,,
1923,,,,,,,,,
1924,,,,,,,,,
1925,,,,,,,,,
1926,,,,,,,,,
1927,,,,,,,,,
1928,,,,,,,,,
1929,,,,,,,,,
1930,,,,,,,,,
1931,,,,,,,,,
1932,,,,,,,,,
1933,,,,,,,,,
1934,,,,,,,,,
1935,,,,,,,,,
1936,,,,,,,,,
1937,,,,,,,,,
1938,,,,,,,,,
1939,,,,,,,,,
1940,,,,,,,,,
1941,,,,,,,,,
1942,,,,,,,,,
1943,,,,,,,,,
1944,,,,,,,,,
1945,,,,,,,,,
1946,,,,,,,,,
1947,,,,,,,,,
1948,,,,,,,,,
1949,,,,,,,,,
1950,,,,,,,,,
1951,,,,,,,,,
1952,,,,,,,,,
1953,,,,,,,,,
1954,,,,,,,,,
1955,,,,,,,,,
1956,,,,,,,,,
1957,,,,,,,,,
1958,,,,,,,,,
1959,,,,,,,,,
1960,,,,,,,,,
1961,,,,,,,,,
1962,,,,,,,,,
1963,,,,,,,,,
1964,,,,,,,,,
1965,,,,,,,,,
1966,,,,,,,,,
1967,,,,,,,,,
1968,,,,,,,,,
1969,,,,,,,,,
1970,,,,,,,,,
1971,,,,,,,,,
1972,,,,,,,,,
1973,,,,,,,,,
1974,,,,,,,,,
1975,,,,,,,,,
1976,,,,,,,,,
1977,,,,,,,,,
1978,,,,,,,,,
1979,,,,,,,,,
1980,,,,,,,,,
1981,,,,,,,,,
1982,,,,,,,,,
1983,,,,,,,,,
1984,,,,,,,,,
1985,,,,,,,,,
1986,,,,,,,,,
1987,,,,,,,,,
1988,,,,,,,,,
1989,,,,,,,,,
1990,,,,,,,,,
1991,,,,,,,,,
1992,,,,,,,,,
1993,,,,,,,,,
1994,,,,,,,,,
1995,,,,,,,,,
1996,,,,,,,,,
1997,,,,,,,,,
1998,,,,,,,,,
1999,,,,,,,,,
2000,,,,,,,,,
2001,,,,,,,,,
2002,,,,,,,,,
2003,,,,,,,,,
2004,,,,,,,,,
2005,,,,,,,,,
2006,,,,,,,,,
2007,,,,,,,,,
2008,,,,,,,,,
2009,,,,,,,,,
2010,,,,,,,,,
2011,,,,,,,,,
2012,,,,,,,,,
2013,,,,,,,,,
2014,,,,,,,,,
2015,,,,,,,,,
2016,,,,,,,,,
2017,,,,,,,,,
2018,,,,,,,,,
2019,,,,,,,,,
2020,,,,,,,,,
2021,,,,,,,,,
2022,,,,,,,,,
2023,,,,,,,,,
2024,,,,,,,,,
2025,,,,,,,,,
2026,,,,,,,,,
2027,,,,,,,,,
2028,,,,,,,,,
2029,,,,,,,,,
2030,,,,,,,,,
2031,,,,,,,,,
2032,,,,,,,,,
2033,,,,,,,,,
2034,,,,,,,,,
2035,,,,,,,,,
2036,,,,,,,,,
2037,,,,,,,,,-0.00001
2038,,,,,,,,,0.000037
2039,,,,,,,,,0.000083
2040,,,,,,,,,0.000131
2041,,,,,,,,,0.000179
2042,,,,,,,,,0.00024
2043,,,,,,,,,0.000305
2044,,,,,,,,,0.000368
2045,,,,,,,,,0.00043
2046,,,,,,,,,0.000512
2047,,,,,,,,,0.000599
2048,,,,,,,,,0.000704
2049,,,,,,,,,0.000814
2050,,,,,,,,,0.000947
2051,,,,,,,,,0.001085
2052,,,,,,,,,0.001222
2053,,,,,,,,,0.00136
2054,,,,,,,,,0.001546
2055,,,,,,,,,0.001745
2056,,,,,,,,,0.001964
2057,,,,,,,,,0.002187
2058,,,,,,,,,0.002439
2059,,,,,,,,,0.002696
2060,,,,,,,,,0.00301
2061,,,,,,,,,0.003339
2062,,,,,,,,,0.003733
2063,,,,,,,,,0.004141
2064,,,,,,,,,0.004627
2065,,,,,,,,,0.005137
2066,,,,,,,,,0.005728
2067,,,,,,,,,0.006337
2068,,,,,,,,,0.007139
2069,,,,,,,,,0.007996
2070,,,,,,,,,0.008903
2071,,,,,,,,,0.009824
2072,,,,,,,,,0.011005
2073,,,,,,,,,0.012261
2074,,,,,,,,,0.01361
2075,,,,,,,,,0.014987
2076,,,,,,,,,0.016872
2077,,,,,,,,,0.018899
2078,,,,,,,,,0.021
2079,,,,,,,,,0.023121
2080,,,,,,,,,0.025897
2081,,,,,,,,,0.028847
2082,,,,,,,,,0.032071
2083,,,,,,,,,0.035363
2084,,,,,,,,,0.040206
2085,,,,,,,,,0.045432
2086,,,,,,,,,0.050903
2087,,,,,,,,,0.056429
2088,,,,,,,,,0.06327
2089,,,,,,,,,0.070409
2090,,,,,,,,,0.079382
2091,,,,,,,,,0.088907
2092,,,,,,,,,0.10064
2093,,,,,,,,,0.11283
2094,,,,,,,,,0.128292
2095,,,,,,,,,0.144668
2096,,,,,,,,,0.162055
2097,,,,,,,,,0.179714
2098,,,,,,,,,0.20278
2099,,,,,,,,,0.227234
2100,,,,,,,,,0.253732
2101,,,,,,,,,0.280925
2102,,,,,,,,,0.311347
2103,,,,,,,,,0.342526
2104,,,,,,,,,0.377044
2105,,,,,,,,,0.412621
2106,,,,,,,,,0.45047
2107,,,,,,,,,0.488816
2108,,,,,,,,,0.522458
2109,,,,,,,,,0.554715
2110,,,,,,,,,0.593227
2111,,,,,,,,,0.633521
2112,,,,,,,,,0.663067
2113,,,,,,,,,0.689664
2114,,,,,,,,,0.722284
2115,,,,,,,,,0.756529
2116,,,,,,,,,0.776463
2117,,,,,,,,,0.792667
2118,,,,,,,,,0.813716
2119,,,,,,,,,0.836001
2120,,,,,,,,,0.846344
2121,,,,,,,,,0.853714
2122,,,,,,,,,0.867845
2123,,,,,,,,,0.883615
2124,,,,,,,,,0.886411
2125,,,,,,,,,0.886127
2126,,,,,,,,,0.895232
2127,,,,,,,,,0.906527
2128,,,,,,,,,0.909739
2129,,,,,,,,,0.911091
2130,,,,,,,,,0.917985
2131,,,,,,,,,0.926131
2132,,,,,,,,,0.929693
2133,,,,,,,,,0.932227
2134,,,,,,,,,0.936544
2135,,,,,,,,,0.941406
2136,,,,,,,,,0.942571
2137,,,,,,,,,0.942952
2138,,,,,,,,,0.943112
2139,,,,,,,,,0.943194
2140,,,,,,,,,0.945168
2141,,,,,,,,,0.947537
2142,,,,,,,,,0.948776
2143,,,,,,,,,0.949694
2144,,,,,,,,,0.949643
2145,,,,,,,,,0.9494
2146,,,,,,,,,0.952551
2147,,,,,,,,,0.956635
2148,,,,,,,,,0.953083
2149,,,,,,,,,0.947423
2150,,,,,,,,,0.949094
2151,,,,,,,,,0.952773
2152,,,,,,,,,0.950874
2153,,,,,,,,,0.947477
2154,,,,,,,,,0.947014
2155,,,,,,,,,0.947085
2156,,,,,,,,,0.951812
2157,,,,,,,,,0.957717
2158,,,,,,,,,0.953332
2159,,,,,,,,,0.946412
2160,,,,,,,,,0.947778
2161,,,,,,,,,0.951119
2162,,,,,,,,,0.951641
2163,,,,,,,,,0.951518
2164,,,,,,,,,0.948644
2165,,,,,,,,,0.944956
2166,,,,,,,,,0.942515
2167,,,,,,,,,0.940311
2168,,,,,,,,,0.9434
2169,,,,,,,,,0.947923
2170,,,,,,,,,0.94501
2171,,,,,,,,,0.940213
2172,,,,,,,,,0.938737
2173,,,,,,,,,0.93806
2174,,,,,,,,,0.941859
2175,,,,,,,,,0.947019
2176,,,,,,,,,0.946554
2177,,,,,,,,,0.944482
2178,,,,,,,,,0.947414
2179,,,,,,,,,0.951661
2180,,,,,,,,,0.949283
2181,,,,,,,,,0.945318
2182,,,,,,,,,0.939939
2183,,,,,,,,,0.934142
2184,,,,,,,,,0.935493
2185,,,,,,,,,0.93882
2186,,,,,,,,,0.939253
2187,,,,,,,,,0.938955
2188,,,,,,,,,0.934675
2189,,,,,,,,,0.929162
2190,,,,,,,,,0.927085
2191,,,,,,,,,0.925692
2192,,,,,,,,,0.930508
2193,,,,,,,,,0.936899
2194,,,,,,,,,0.933908
2195,,,,,,,,,0.927984
2196,,,,,,,,,0.930981
2197,,,,,,,,,0.936472
2198,,,,,,,,,0.935776
2199,,,,,,,,,0.933523
2200,,,,,,,,,0.935132
2201,,,,,,,,,0.937592
2202,,,,,,,,,0.946217
2203,,,,,,,,,0.956567
2204,,,,,,,,,0.955661
2205,,,,,,,,,0.951991
2206,,,,,,,,,0.956666
2207,,,,,,,,,0.963135
2208,,,,,,,,,0.964442
2209,,,,,,,,,0.964365
2210,,,,,,,,,0.963523
2211,,,,,,,,,0.962434
2212,,,,,,,,,0.962905
2213,,,,,,,,,0.963685
2214,,,,,,,,,0.962473
2215,,,,,,,,,0.960741
2216,,,,,,,,,0.959239
2217,,,,,,,,,0.957814
2218,,,,,,,,,0.957781
2219,,,,,,,,,0.958041
2220,,,,,,,,,0.953274
2221,,,,,,,,,0.94716
2222,,,,,,,,,0.951706
2223,,,,,,,,,0.958833
2224,,,,,,,,,0.960212
2225,,,,,,,,,0.960339
2226,,,,,,,,,0.954785
2227,,,,,,,,,0.947696
2228,,,,,,,,,0.951965
2229,,,,,,,,,0.95906
2230,,,,,,,,,0.960554
2231,,,,,,,,,0.960764
2232,,,,,,,,,0.95575
2233,,,,,,,,,0.949261
2234,,,,,,,,,0.953245
2235,,,,,,,,,0.95997
2236,,,,,,,,,0.963736
2237,,,,,,,,,0.966786
2238,,,,,,,,,0.964315
2239,,,,,,,,,0.960173
2240,,,,,,,,,0.965473
2241,,,,,,,,,0.973416
2242,,,,,,,,,0.977637
2243,,,,,,,,,0.980904
2244,,,,,,,,,0.98276
2245,,,,,,,,,0.984155
2246,,,,,,,,,0.984693
2247,,,,,,,,,0.985056
2248,,,,,,,,,0.991486
2249,,,,,,,,,0.9996
2250,,,,,,,,,0.997654
2251,,,,,,,,,0.993153
2252,,,,,,,,,0.992469
2253,,,,,,,,,0.992675
2254,,,,,,,,,0.995894
2255,,,,,,,,,1
2256,,,,,,,,,0.999279
2257,,,,,,,,,0.997261
2258,,,,,,,,,0.994356
2259,,,,,,,,,0.991127
2260,,,,,,,,,0.987747
2261,,,,,,,,,0.984349
2262,,,,,,,,,0.986037
2263,,,,,,,,,0.989132
2264,,,,,,,,,0.984536
2265,,,,,,,,,0.978024
2266,,,,,,,,,0.975019
2267,,,,,,,,,0.972794
2268,,,,,,,,,0.974168
2269,,,,,,,,,0.97654
2270,,,,,,,,,0.976199
2271,,,,,,,,,0.975206
2272,,,,,,,,,0.974409
2273,,,,,,,,,0.973662
2274,,,,,,,,,0.967502
2275,,,,,,,,,0.959895
2276,,,,,,,,,0.956943
2277,,,,,,,,,0.955095
2278,,,,,,,,,0.955085
2279,,,,,,,,,0.955588
2280,,,,,,,,,0.947195
2281,,,,,,,,,0.93665
2282,,,,,,,,,0.922405
2283,,,,,,,,,0.907109
2284,,,,,,,,,0.89494
2285,,,,,,,,,0.883588
2286,,,,,,,,,0.855489
2287,,,,,,,,,0.823876
2288,,,,,,,,,0.78488
2289,,,,,,,,,0.744025
2290,,,,,,,,,0.69852
2291,,,,,,,,,0.651673
2292,,,,,,,,,0.602539
2293,,,,,,,,,0.552647
2294,,,,,,,,,0.502693
2295,,,,,,,,,0.452698
2296,,,,,,,,,0.403993
2297,,,,,,,,,0.355569
2298,,,,,,,,,0.315712
2299,,,,,,,,,0.27826
2300,,,,,,,,,0.244645
2301,,,,,,,,,0.212213
2302,,,,,,,,,0.186151
2303,,,,,,,,,0.161749
2304,,,,,,,,,0.141435
2305,,,,,,,,,0.122015
2306,,,,,,,,,0.106531
2307,,,,,,,,,0.092029
2308,,,,,,,,,0.080268
2309,,,,,,,,,0.069276
2310,,,,,,,,,0.060703
2311,,,,,,,,,0.052702
2312,,,,,,,,,0.046332
2313,,,,,,,,,0.040405
2314,,,,,,,,,0.035634
2315,,,,,,,,,0.031213
2316,,,,,,,,,0.027516
2317,,,,,,,,,0.024
2318,,,,,,,,,0.021262
2319,,,,,,,,,0.018688
2320,,,,,,,,,0.016562
2321,,,,,,,,,0.014545
2322,,,,,,,,,0.01293
2323,,,,,,,,,0.011426
2324,,,,,,,,,0.010155
2325,,,,,,,,,0.008959
2326,,,,,,,,,0.007992
2327,,,,,,,,,0.007088
2328,,,,,,,,,0.006348
2329,,,,,,,,,0.005643
2330,,,,,,,,,0.005019
2331,,,,,,,,,0.004415
2332,,,,,,,,,0.003903
2333,,,,,,,,,0.003421
2334,,,,,,,,,0.003025
2335,,,,,,,,,0.002651
2336,,,,,,,,,0.00234
2337,,,,,,,,,0.002047
2338,,,,,,,,,0.001795
2339,,,,,,,,,0.001554
2340,,,,,,,,,0.001345
2341,,,,,,,,,0.001145
2342,,,,,,,,,0.000974
2343,,,,,,,,,0.000811
2344,,,,,,,,,0.00068
2345,,,,,,,,,0.00056
2346,,,,,,,,,0.00044
2347,,,,,,,,,0.00032
2348,,,,,,,,,0.000217
2349,,,,,,,,,0.000119
2350,,,,,,,,,0.000028
2351,,,,,,,,,-0.000062
2352,,,,,,,,,-0.000134
2353,,,,,,,,,-0.000202
2354,,,,,,,,,-0.000263
2355,,,,,,,,,-0.000322
